名句	作者	著作
山有木兮木有枝，心悦君兮君不知。	佚名	《越人歌》
人生若只如初见，何事秋风悲画扇。	纳兰性德	《木兰词・拟古决绝词柬友》
曾经沧海难为水，除却巫山不是云。	元稹	《离思五首・其四》
人生如逆旅，我亦是行人。	苏轼	《临江仙・送钱穆父》
十年生死两茫茫，不思量，自难忘。	苏轼	《江城子・乙卯正月二十日夜记梦》
玲珑骰子安红豆，入骨相思知不知。	温庭筠	《南歌子词二首 / 新添声杨柳枝词》
入我相思门，知我相思苦。	李白	《三五七言 / 秋风词》
雨打梨花深闭门，误了青春，忘了青春。	唐寅	《一剪梅・雨打梨花深闭门》
只愿君心似我心，定不负相思意。	李之仪	《卜算子・我住长江头》
平生不会相思，才会相思，便害相思。	徐再思	《折桂令・春情》
山无陵，江水为竭。冬雷震震，夏雨雪。天地合，乃敢与君绝。	佚名	《上邪》
两情若是久长时，又岂在朝朝暮暮。	秦观	《鹊桥仙・纤云弄巧》
愿得一心人，白头不相离。	卓文君	《白头吟》
人生自是有情痴，此恨不关风与月。	欧阳修	《玉楼春・尊前拟把归期说》
醉后不知天在水，满船清梦压星河。	唐温如	《题龙阳县青草湖》
去年今日此门中，人面桃花相映红。	崔护	《题都城南庄》
春宵一刻值千金，花有清香月有阴。	苏轼	《春宵・春宵一刻值千金》
少年不识愁滋味，爱上层楼。爱上层楼。为赋新词强说愁。	辛弃疾	《丑奴儿・书博山道中壁》
花自飘零水自流。一种相思，两处闲愁。	李清照	《一剪梅・红藕香残玉簟秋》
身无彩凤双飞翼，心有灵犀一点通。	李商隐	《无题・昨夜星辰昨夜风》
一日不见兮，思之如狂。	司马相如	《凤求凰 / 琴歌》
云想衣裳花想容，春风拂槛露华浓。	李白	《清平调・其一》
世间无限丹青手，一片伤心画不成。	高蟾	《金陵晚望》
春风得意马蹄疾，一日看尽长安花。	孟郊	《登科后》
问世间，情为何物，直教生死相许？	元好问	《摸鱼儿・雁丘词 / 迈陂塘》
一声梧叶一声秋，一点芭蕉一点愁，三更归梦三更后。	徐再思	《水仙子・夜雨》
君埋泉下泥销骨，我寄人间雪满头。	白居易	《梦微之》
滚滚长江东逝水，浪花淘尽英雄。	杨慎	《临江仙・滚滚长江东逝水》
林花谢了春红，太匆匆。无奈朝来寒雨，晚来风。	李煜	《相见欢・林花谢了春红》
休对故人思故国，且将新火试新茶。诗酒趁年华。	苏轼	《望江南・超然台作》
一往情深深几许？深山夕照深秋雨。	纳兰性德	《蝶恋花・出塞》
执子之手，与子偕老。	佚名	《击鼓》
自在飞花轻似梦，无边丝雨细如愁。	秦观	《浣溪沙・漠漠轻寒上小楼》
菩提本无树，明镜亦非台。	惠能	《菩提偈》
人面不知何处去，桃花依旧笑春风。	崔护	《题都城南庄》
昨夜西风凋碧树，独上高楼，望尽天涯路。	晏殊	《蝶恋花・槛菊愁烟兰泣露》
一生大笑能几回，斗酒相逢须醉倒。	岑参	《凉州馆中与诸判官夜集》
抽刀断水水更流，举杯消愁愁更愁。	李白	《宣州谢x楼饯别校书叔云 / 陪侍御叔华登楼歌》
此情可待成追忆，只是当时已惘然。	李商隐	《锦瑟》
仰天大笑出门去，我辈岂是蓬蒿人。	李白	《南陵别儿童入京》
似此星辰非昨夜，为谁风露立中宵。	黄景仁	《绮怀》
疏影横斜水清浅，暗香浮动月黄昏。	林逋	《山园小梅・其一》
行到水穷处，坐看云起时。	王维	《终南别业 / 初至山中 / 入山寄城中故人》
晓看天色暮看云，行也思君，坐也思君。	唐寅	《一剪梅・雨打梨花深闭门》
桃李春风一杯酒，江湖夜雨十年灯。	黄庭坚	《寄黄几复》
思悠悠，恨悠悠，恨到归时方始休。	白居易	《长相思・汴水流》
浮云一别后，流水十年间。	韦应物	《淮上喜会梁川故人 / 淮上喜会梁州故人》
近水楼台先得月，向阳花木易为春。	苏麟	《断句》
若是前生未有缘，待重结、来生愿。	乐婉	《卜算子・答施》
取次花丛懒回顾，半缘修道半缘君。	元稹	《离思五首・其四》
溪云初起日沉阁，山雨欲来风满楼。	许浑	《咸阳城东楼 / 咸阳城西楼晚眺 / 西门》
沾衣欲湿杏花雨，吹面不寒杨柳风。	志南	《绝句》
时光只解催人老，不信多情，长恨离亭，泪滴春衫酒易醒。	晏殊	《采桑子・时光只解催人老》
今人不见古时月，今月曾经照古人。	李白	《把酒问月・故人贾淳令予问之》
夜月一帘幽梦，春风十里柔情。	秦观	《八六子・倚危亭》
宠辱不惊，闲看庭前花开花落；去留无意，漫随天外云卷云舒。		《菜根谭・概论》
落花人独立，微雨燕双飞。	晏几道	《临江仙・梦后楼台高锁》
劝君莫惜金缕衣，劝君惜取少年时。	杜秋娘	《金缕衣》
黄沙百战穿金甲，不破楼兰终不还。	王昌龄	《从军行七首・其四》
红酥手，黄g酒，满城春色宫墙柳。	陆游	《钗头凤・红酥手》
宁可枝头抱香死，何曾吹落北风中。	郑思肖	《画菊》
凤凰台上凤凰游，凤去台空江自流。	李白	《登金陵凤凰台》
还君明珠双泪垂，恨不相逢未嫁时。	张籍	《节妇吟・寄东平李司空师道》
问君能有几多愁？恰似一江春水向东流。	李煜	《虞美人・春花秋月何时了》
空山新雨后，天气晚来秋。	王维	《山居秋暝》
怕相思，已相思，轮到相思没处辞，眉间露一丝。	俞彦	《长相思・折花枝》
直道相思了无益，未妨惆怅是清狂。	李商隐	《无题・重帏深下莫愁堂》
天涯地角有穷时，只有相思无尽处。	晏殊	《玉楼春・春恨》
一骑红尘妃子笑，无人知是荔枝来。	杜牧	《过华清宫绝句三首》
毋意，毋必，毋固，毋我。		《论语・子罕篇》
男儿何不带吴钩，收取关山五十州。	李贺	《南园十三首・其五》
月上柳梢头，人约黄昏后。	欧阳修	《生查子・元夕》
小楼一夜听春雨，深巷明朝卖杏花。	陆游	《临安春雨初霁》
二十四桥明月夜，玉人何处教吹箫？	杜牧	《寄扬州韩绰判官》
人言落日是天涯，望极天涯不见家。	李觏	《乡思》
待到秋来九月八，我花开后百花杀。	黄巢	《不第后赋菊》
桃之夭夭，灼灼其华。	佚名	《桃夭》
寂寞空庭春欲晚，梨花满地不开门。	刘方平	《春怨》
枯藤老树昏鸦，小桥流水人家，古道西风瘦马。	马致远	《天净沙・秋思》
被酒莫惊春睡重，赌书消得泼茶香，当时只道是寻常。	纳兰性德	《浣溪沙・谁念西风独自凉》
不经一番寒彻骨，怎得梅花扑鼻香。	黄蘖禅师	《上堂开示颂》
青山依旧在，几度夕阳红。	杨慎	《临江仙・滚滚长江东逝水》
时人不识凌云木，直待凌云始道高。	杜荀鹤	《小松》
纸上得来终觉浅，绝知此事要躬行。	陆游	《冬夜读书示子聿》
当年不肯嫁春风，无端却被秋风误。	贺铸	《芳心苦・杨柳回塘》
东风夜放花千树。更吹落、星如雨。	辛弃疾	《青玉案・元夕》
海上生明月，天涯共此时。	张九龄	《望月怀远》
人间四月芳菲尽，山寺桃花始盛开。	白居易	《大林寺桃花》
试问岭南应不好，却道：此心安处是吾乡。	苏轼	《少年游・南海归赠王定国侍人寓娘》
泪眼问花花不语，乱红飞过秋千去。	欧阳修	《蝶恋花・庭院深深深几许》
世事漫随流水，算来一梦浮生。	李煜	《乌夜啼・昨夜风兼雨》
换我心，为你心，始知相忆深。	顾	《诉衷情・永夜抛人何处去》
苟利国家生死以，岂因祸福避趋之！	林则徐	《赴戍登程口占示家人・其二》
江碧鸟逾白，山青花欲燃。	杜甫	《绝句二首》
十年磨一剑，霜刃未曾试。	贾岛	《剑客 / 述剑》
最是人间留不住，朱颜辞镜花辞树。	王国维	《蝶恋花・阅尽天涯离别苦》
同是天涯沦落人，相逢何必曾相识！	白居易	《琵琶行 / 琵琶引》
醉卧沙场君莫笑，古来征战几人回？	王翰	《凉州词二首・其一》
众里寻他千百度。蓦然回首，那人却在，灯火阑珊处。	辛弃疾	《青玉案・元夕》
落霞与孤鹜齐飞，秋水共长天一色。	王勃	《滕王阁序》
生当复来归，死当长相思。	佚名	《留别妻》
读书不觉已春深，一寸光阴一寸金。	王贞白	《白鹿洞二首・其一》
日日思君不见君，共饮长江水。	李之仪	《卜算子・我住长江头》
莫愁前路无知己，天下谁人不识君。	高适	《别董大二首》
梅须逊雪三分白，雪却输梅一段香。	卢梅坡	《雪梅・其一》
晚来天欲雪，能饮一杯无。	白居易	《问刘十九》
独自莫凭栏，无限江山，别时容易见时难。	李煜	《浪淘沙令・帘外雨潺潺》
采得百花成蜜后，为谁辛苦为谁甜。	罗隐	《蜂》
我见青山多妩媚，料青山见我应如是。	辛弃疾	《贺新郎・甚矣吾衰矣》
闻君有两意，故来相决绝。	卓文君	《白头吟》
欲买桂花同载酒，终不似、少年游。	刘过	《唐多令・芦叶满汀洲》
多情自古伤离别，更那堪冷落清秋节！	柳永	《雨霖铃・寒蝉凄切》
风萧萧兮易水寒，壮士一去兮不复还。	佚名	《荆轲歌 / 渡易水歌》
心似双丝网，中有千千结。	张先	《千秋岁・数声_》
君子有九思：视思明，听思聪，色思温，貌思恭，言思忠，事思敬，疑思问，忿思难，见得思义。		《论语・季氏篇》
露从今夜白，月是故乡明。	杜甫	《月夜忆舍弟》
相思相见知何日？此时此夜难为情！	李白	《三五七言 / 秋风词》
无可奈何花落去，似曾相识燕归来。	晏殊	《浣溪沙・一曲新词酒一杯》
把酒祝东风。且共从容。	欧阳修	《浪淘沙・把酒祝东风》
美人自刎乌江岸，战火曾烧赤壁山，将军空老玉门关。	张可久	《卖花声・怀古》
独立寒秋，湘江北去，橘子洲头。	毛泽东	《沁园春・长沙》
物是人非事事休，欲语泪先流。	李清照	《武陵春・春晚》
夜来幽梦忽还乡。小轩窗。正梳妆。相顾无言，惟有泪千行。	苏轼	《江城子・乙卯正月二十日夜记梦》
衣带渐宽终不悔，为伊消得人憔悴。	柳永	《蝶恋花・伫倚危楼风细细》
月有盈亏花有开谢，想人生最苦离别。	张鸣善	《普天乐・咏世》
锦瑟无端五十弦，一弦一柱思华年。	李商隐	《锦瑟》
春蚕到死丝方尽，蜡炬成灰泪始干。	李商隐	《无题・相见时难别亦难》
沉舟侧畔千帆过，病树前头万木春。	刘禹锡	《酬乐天扬州初逢席上见赠》
伤心桥下春波绿，曾是惊鸿照影来。	陆游	《沈园二首》
盈盈一水间，脉脉不得语。	佚名	《迢迢牵牛星》
山外青山楼外楼，西湖歌舞几时休？	林升	《题临安邸》
射人先射马，擒贼先擒王。	杜甫	《前出塞九首・其六》
酒逢知己千杯少，话不投机半句多。		《明贤集・七言集》
世事短如春梦，人情薄似秋云。	朱敦儒	《西江月・世事短如春梦》
天下熙熙，皆为利来；天下攘攘，皆为利往。		《史记・货殖列传》
竹外桃花三两枝，春江水暖鸭先知。	苏轼	《惠崇春江晚景 / 惠崇春江晓景》
大江东去，浪淘尽，千古风流人物。	苏轼	《念奴娇・赤壁怀古》
酒入愁肠，化作相思泪。	范仲淹	《苏幕遮・怀旧》
世人结交须黄金，黄金不多交不深。	张谓	《题长安壁主人》
呜呼！楚虽三户能亡秦，岂有堂堂中国空无人！	陆游	《金错刀行》
落红不是无情物，化作春泥更护花。	龚自珍	《己亥杂诗・其五》
夕阳无限好，只是近黄昏。	李商隐	《乐游原 / 登乐游原》
春风十里扬州路，卷上珠帘总不如。	杜牧	《赠别》
长风破浪会有时，直挂云帆济沧海。	李白	《行路难・其一》
他年我若为青帝，报与桃花一处开。	黄巢	《题菊花》
遇酒且呵呵，人生能几何！	韦庄	《菩萨蛮・劝君今夜须沈醉》
渐行渐远渐无书，水阔鱼沉何处问。	欧阳修	《玉楼春・别后不知君远近》
系我一生心，负你千行泪。	柳永	《忆帝京・薄衾小枕凉天气》
渺万里层云，千山暮雪，只影向谁去？	元好问	《摸鱼儿・雁丘词 / 迈陂塘》
人闲桂花落，夜静春山空。	王维	《鸟鸣涧》
韶华不为少年留。恨悠悠。几时休。	秦观	《江城子・西城杨柳弄春柔》
天长地久有时尽，此恨绵绵无绝期。	白居易	《长恨歌》
花间一壶酒，独酌无相亲。	李白	《月下独酌四首・其一》
金风玉露一相逢，便胜却人间无数。	秦观	《鹊桥仙・纤云弄巧》
江南无所有，聊赠一枝春。	陆凯	《赠范晔诗》
白日放歌须纵酒，青春作伴好还乡。	杜甫	《闻官军收河南河北》
花无人戴，酒无人劝，醉也无人管。	黄公绍	《青玉案・年年社日停针线》
人间有味是清欢。	苏轼	《浣溪沙・细雨斜风作晓寒》
兰有秀兮菊有芳，怀佳人兮不能忘。	刘彻	《秋风辞》
山一程，水一程，身向榆关那畔行，夜深千帐灯。	纳兰性德	《长相思・山一程》
江南可采莲，莲叶何田田。	佚名	《江南》
海水梦悠悠，君愁我亦愁。	佚名	《西洲曲》
美人卷珠帘，深坐颦蛾眉。	李白	《怨情》
流水落花春去也，天上人间。	李煜	《浪淘沙令・帘外雨潺潺》
若教眼底无离恨，不信人间有白头。	辛弃疾	《鹧鸪天・晚日寒鸦一片愁》
衰兰送客咸阳道，天若有情天亦老。	贺铸	《行路难・缚虎手》
夜阑卧听风吹雨，铁马冰河入梦来。	陆游	《十一月四日风雨大作》
人生天地之间，若白驹之过隙，忽然而已。		《庄子・外篇・知北游》
相思只在：丁香枝上，豆蔻梢头。	王	《眼儿媚・杨柳丝丝弄轻柔》
万事到头都是梦，休休。明日黄花蝶也愁。	苏轼	《南乡子・重九涵辉楼呈徐君猷》
相见时难别亦难，东风无力百花残。	李商隐	《无题・相见时难别亦难》
少年易老学难成，一寸光阴不可轻。	朱熹	《劝学诗 / 偶成》
旧时王谢堂前燕，飞入寻常百姓家。	刘禹锡	《乌衣巷》
秦时明月汉时关，万里长征人未还。	王昌龄	《出塞二首・其一》
少年听雨歌楼上。红烛昏罗帐。	蒋捷	《虞美人・听雨》
昨夜星辰昨夜风，画楼西畔桂堂东。	李商隐	《无题・昨夜星辰昨夜风》
成事不说，遂事不谏，既往不咎。		《论语・八佾篇》
思君如满月，夜夜减清辉。	张九龄	《赋得自君之出矣》
莫唱当年长恨歌，人间亦自有银河。	袁枚	《马嵬》
力拔山兮气盖世。时不利兮骓不逝。	项羽	《垓下歌》
无边落木萧萧下，不尽长江滚滚来。	杜甫	《登高》
我欲穿花寻路，直入白云深处，浩气展虹霓。	黄庭坚	《水调歌头・游览》
欲把相思说似谁，浅情人不知。	晏几道	《长相思・长相思》
月落乌啼霜满天，江枫渔火对愁眠。	张继	《枫桥夜泊 / 夜泊枫江》
云中谁寄锦书来，雁字回时，月满西楼。	李清照	《一剪梅・红藕香残玉簟秋》
春江潮水连海平，海上明月共潮生。	张若虚	《春江花月夜》
年年岁岁花相似，岁岁年年人不同。	刘希夷	《代悲白头翁 / 白头吟 / 有所思》
结发为夫妻，恩爱两不疑。	佚名	《留别妻》
青青子衿，悠悠我心。	佚名	《子衿》
大鹏一日同风起，扶摇直上九万里。	李白	《上李邕》
寻寻觅觅，冷冷清清，凄凄惨惨戚戚。	李清照	《声声慢・寻寻觅觅》
天街小雨润如酥，草色遥看近却无。	韩愈	《早春呈水部张十八员外 / 初春小雨 / 早春》
危楼高百尺，手可摘星辰。	李白	《夜宿山寺》
愿得此身长报国，何须生入玉门关。	戴叔伦	《塞上曲二首・其二》
枝上柳绵吹又少。天涯何处无芳草。	苏轼	《蝶恋花・春景》
山重水复疑无路，柳暗花明又一村。	陆游	《游山西村》
宣父犹能畏后生，丈夫未可轻年少。	李白	《上李邕》
蝉噪林逾静，鸟鸣山更幽。	王籍	《入若耶溪》
羡青山有思，白鹤忘机。	汤恢	《八声甘州・摘青梅荐酒》
井蛙不可以语于海者，拘于虚也；夏虫不可以语于冰者，笃于时也		《庄子・外篇・秋水》
人到情多情转薄，而今真个不多情。	纳兰性德	《山花子・风絮飘残已化萍》
春风又绿江南岸，明月何时照我还？	王安石	《泊船瓜洲》
世情薄，人情恶，雨送黄昏花易落。	唐婉	《钗头凤・世情薄》
位卑未敢忘忧国，事定犹须待阖棺。	陆游	《病起书怀》
十年一觉扬州梦，赢得青楼薄幸名。	杜牧	《遣怀》
红豆生南国，春来发几枝。	王维	《相思》
小荷才露尖尖角，早有蜻蜓立上头。	杨万里	《小池》
三十功名尘与土，八千里路云和月。	岳飞	《满江红・写怀》
愿为西南风，长逝入君怀。	曹植	《明月上高楼》
东边日出西边雨，道是无晴却有晴。	刘禹锡	《竹枝词二首・其一》
谁念西风独自凉，萧萧黄叶闭疏窗，沉思往事立残阳。	纳兰性德	《浣溪沙・谁念西风独自凉》
洛阳亲友如相问，一片冰心在玉壶。	王昌龄	《芙蓉楼送辛渐》
多情只有春庭月，犹为离人照落花。	张泌	《寄人》
松花酿酒，春水煎茶。	张可久	《人月圆・山中书事》
昔去雪如花，今来花似雪。	范云	《别诗》
秋阴不散霜飞晚，留得枯荷听雨声。	李商隐	《宿骆氏亭寄怀崔雍崔衮》
当时明月在，曾照彩云归。	晏几道	《临江仙・梦后楼台高锁》
自是人生长恨水长东。	李煜	《相见欢・林花谢了春红》
春心莫共花争发，一寸相思一寸灰！	李商隐	《无题・飒飒东风细雨来》
人生到处知何似，应似飞鸿踏雪泥。	苏轼	《和子由渑池怀旧》
咬定青山不放松，立根原在破岩中。	郑燮	《竹石》
嫦娥应悔偷灵药，碧海青天夜夜心。	李商隐	《嫦娥》
南朝四百八十寺，多少楼台烟雨中。	杜牧	《江南春》
曾与美人桥上别，恨无消息到今朝。	刘禹锡	《杨柳枝 / 柳枝词》
肠已断，泪难收。相思重上小红楼。	辛弃疾	《鹧鸪天・晚日寒鸦一片愁》
落叶他乡树，寒灯独夜人。	马戴	《灞上秋居》
远看山有色，近听水无声。	王维	《画》
关关雎鸠，在河之洲。窈窕淑女，君子好逑。	佚名	《关雎》
大漠孤烟直，长河落日圆。	王维	《使至塞上》
采菊东篱下，悠然见南山。	陶渊明	《饮酒・其五》
人生亦有命，安能行叹复坐愁？	鲍照	《拟行路难・其四》
往者不可谏，来者犹可追。		《论语・微子篇》
等闲识得东风面，万紫千红总是春。	朱熹	《春日》
春水碧于天，画船听雨眠。	韦庄	《菩萨蛮・人人尽说江南好》
南风知我意，吹梦到西洲。	佚名	《西洲曲》
星垂平野阔，月涌大江流。	杜甫	《旅夜书怀》
七八个星天外，两三点雨山前。	辛弃疾	《西江月・夜行黄沙道中》
粗缯大布裹生涯，腹有诗书气自华。	苏轼	《和董传留别》
出师未捷身先死，长使英雄泪满襟。	杜甫	《蜀相》
劝君更尽一杯酒，西出阳关无故人。	王维	《渭城曲 / 送元二使安西》
朔风如解意，容易莫摧残。	崔道融	《梅花》
明月几时有？把酒问青天。	苏轼	《水调歌头・丙辰中秋》
一道残阳铺水中，半江瑟瑟半江红。	白居易	《暮江吟》
以色事他人，能得几时好。	李白	《妾薄命》
近乡情更怯，不敢问来人。	宋之问	《渡汉江》
沧海月明珠有泪，蓝田日暖玉生烟。	李商隐	《锦瑟》
盛年不重来，一日难再晨。	陶渊明	《杂诗・人生无根蒂》
黑发不知勤学早，白首方悔读书迟。	颜真卿	《劝学诗》
我住长江头，君住长江尾。	李之仪	《卜算子・我住长江头》
此情无计可消除，才下眉头，却上心头。	李清照	《一剪梅・红藕香残玉簟秋》
草木有本心，何求美人折！	张九龄	《感遇十二首・其一》
无情不似多情苦。一寸还成千万缕。	晏殊	《玉楼春・春恨》
满目山河空念远，落花风雨更伤春。	晏殊	《浣溪沙・一向年光有限身》
绿蚁新醅酒，红泥小火炉。	白居易	《问刘十九》
昭昭若日月之明，离离如星辰之行		《文心雕龙・宗经》
欲寄彩笺兼尺素，山长水阔知何处。	晏殊	《蝶恋花・槛菊愁烟兰泣露》
绿杨烟外晓寒轻，红杏枝头春意闹。	宋祁	《玉楼春・春景》
君问归期未有期，巴山夜雨涨秋池。	李商隐	《夜雨寄北》
海内存知己，天涯若比邻。	王勃	《送杜少府之任蜀州 / 送杜少府之任蜀川》
劝君莫惜花前醉，今年花谢，明年花谢，白了人头。	赵秉文	《青杏儿・风雨替花愁》
会当凌绝顶，一览众山小。	杜甫	《望岳》
从前种种，譬如昨日死；从后种种，譬如今日生		《了凡四训・立命之学》
天生我材必有用，千金散尽还复来。	李白	《将进酒》
葡萄美酒夜光杯，欲饮琵琶马上催。	王翰	《凉州词二首・其一》
兰陵美酒郁金香，玉碗盛来琥珀光。	李白	《客中行 / 客中作》
柴门闻犬吠，风雪夜归人。	刘长卿	《逢雪宿芙蓉山主人》
知否，知否？应是绿肥红瘦。	李清照	《如梦令・昨夜雨疏风骤》
水光潋滟晴方好，山色空蒙雨亦奇。	苏轼	《饮湖上初晴后雨二首・其二》
但愿人长久，千里共婵娟。	苏轼	《水调歌头・丙辰中秋》
故人西辞黄鹤楼，烟花三月下扬州。	李白	《黄鹤楼送孟浩然之广陵》
水晶帘动微风起，满架蔷薇一院香。	高骈	《山亭夏日》
君知妾有夫，赠妾双明珠。	张籍	《节妇吟・寄东平李司空师道》
墙外行人，墙里佳人笑。	苏轼	《蝶恋花・春景》
以人言善我，必以人言罪我。		《韩非子・说林上》
借问江潮与海水，何似君情与妾心？	白居易	《浪淘沙・借问江潮与海水》
接天莲叶无穷碧，映日荷花别样红。	杨万里	《晓出净慈寺送林子方》
相思了无益，悔当初相见。	朱彝尊	《忆少年・飞花时节》
柳庭风静人眠昼，昼眠人静风庭柳。	苏轼	《菩萨蛮・回文夏闺怨》
水是眼波横，山是眉峰聚。	王观	《卜算子・送鲍浩然之浙东》
明月松间照，清泉石上流。	王维	《山居秋暝》
缺月挂疏桐，漏断人初静。	苏轼	《卜算子・黄州定慧院寓居作》
泉涸，鱼相与处于陆，相橐允，相濡以沫，不如相忘于江湖。		《庄子・内篇・大宗师》
小舟从此逝，江海寄余生。	苏轼	《临江仙・夜饮东坡醒复醉》
此生谁料，心在天山，身老沧洲。	陆游	《诉衷情・当年万里觅封侯》
人生自古谁无死？留取丹心照汗青。	文天祥	《过零丁洋》
迟日江山丽，春风花草香。	杜甫	《绝句二首》
商女不知亡国恨，隔江犹唱后庭花。	杜牧	《泊秦淮》
谁家玉笛暗飞声，散入春风满洛城。	李白	《春夜洛城闻笛 / 春夜洛阳城闻笛》
忽见陌头杨柳色，悔教夫婿觅封侯。	王昌龄	《闺怨》
春潮带雨晚来急，野渡无人舟自横。	韦应物	《滁州西涧》
草长莺飞二月天，拂堤杨柳醉春烟。	高鼎	《村居》
知我者，谓我心忧；不知我者，谓我何求。	佚名	《黍离》
羌笛何须怨杨柳，春风不度玉门关。	王之涣	《凉州词二首・其一》
今夜月明人尽望，不知秋思落谁家。	王建	《十五夜望月寄杜郎中》
莫道不销魂，帘卷西风，人比黄花瘦。	李清照	《醉花阴・薄雾浓云愁永昼》
萧萧梧叶送寒声，江上秋风动客情。	叶绍翁	《夜书所见》
枕上诗书闲处好，门前风景雨来佳。	李清照	《摊破浣溪沙・病起萧萧两鬓华》
窈窕淑女，君子好逑。	佚名	《关雎》
妆罢低声问夫婿，画眉深浅入时无。	朱庆馀	《近试上张籍水部 / 近试上张水部 / 闺意献张水部》
自古逢秋悲寂寥，我言秋日胜春朝。	刘禹锡	《秋词》
相逢一醉是前缘，风雨散、飘然何处。	苏轼	《鹊桥仙・七夕》
桃李不言，下自成蹊。		《史记・李将军列传》
流光容易把人抛，红了樱桃，绿了芭蕉。	蒋捷	《一剪梅・舟过吴江》
上善若水，水善利万物而不争。		《老子・道经・第八章》
墙角数枝梅，凌寒独自开。	王安石	《梅花 / 梅》
相恨不如潮有信，相思始觉海非深。	白居易	《浪淘沙・借问江潮与海水》
我也不登天子船，我也不上长安眠。	唐寅	《把酒对月歌》
三更灯火五更鸡，正是男儿读书时。	颜真卿	《劝学诗》
江畔何人初见月？江月何年初照人？	张若虚	《春江花月夜》
两个黄鹂鸣翠柳，一行白鹭上青天。	杜甫	《绝句》
只解沙场为国死，何须马革裹尸还。	徐锡麟	《出塞》
千山鸟飞绝，万径人踪灭。	柳宗元	《江雪》
古人学问无遗力，少壮工夫老始成。	陆游	《冬夜读书示子聿》
风乍起，吹皱一池春水。	冯延巳	《谒金门・风乍起》
松树千年终是朽，槿花一日自为荣。	白居易	《放言五首・其五》
江南几度梅花发，人在天涯鬓已斑。	刘著	《鹧鸪天・雪照山城玉指寒》
若待上林花似锦，出门俱是看花人。	杨巨源	《城东早春》
大漠沙如雪，燕山月似钩。	李贺	《马诗二十三首・其五》
海棠未雨，梨花先雪，一半春休。	王	《眼儿媚・杨柳丝丝弄轻柔》
风一更，雪一更，聒碎乡心梦不成，故园无此声。	纳兰性德	《长相思・山一程》
连雨不知春去，一晴方觉夏深。	范成大	《喜晴》
毕竟西湖六月中，风光不与四时同。	杨万里	《晓出净慈寺送林子方》
及时当勉励，岁月不待人。	陶渊明	《杂诗・人生无根蒂》
身既死兮神以灵，魂魄毅兮为鬼雄。	屈原	《国殇》
山不在高，有仙则名。水不在深，有龙则灵。	刘禹锡	《陋室铭》
试玉要烧三日满，辨材须待七年期。	白居易	《放言五首・其三》
长恨此身非我有，何时忘却营营。	苏轼	《临江仙・夜饮东坡醒复醉》
冰雪林中著此身，不同桃李混芳尘；	王冕	《白梅》
一别都门三改火，天涯踏尽红尘。	苏轼	《临江仙・送钱穆父》
想当年，金戈铁马，气吞万里如虎。	辛弃疾	《永遇乐・京口北固亭怀古》
日色欲尽花含烟，月明欲素愁不眠。	李白	《长相思・其二》
祸不妄至，福不徒来。		《史记・龟策列传》
明月出天山，苍茫云海间。	李白	《关山月》
青山隐隐水迢迢，秋尽江南草未凋。	杜牧	《寄扬州韩绰判官》
造物无言却有情，每于寒尽觉春生。	张维屏	《新雷》
易求无价宝，难得有心郎。	鱼玄机	《赠邻女 / 寄李亿员外》
花褪残红青杏小。燕子飞时，绿水人家绕。	苏轼	《蝶恋花・春景》
日暮苍山远，天寒白屋贫。	刘长卿	《逢雪宿芙蓉山主人》
孤舟蓑笠翁，独钓寒江雪。	柳宗元	《江雪》
浮生只合尊前老。雪满长安道。	舒	《虞美人・寄公度》
忽如一夜春风来，千树万树梨花开。	岑参	《白雪歌送武判官归京》
小楼昨夜又东风，故国不堪回首月明中。	李煜	《虞美人・春花秋月何时了》
宁不知倾城与倾国。佳人难再得。	李延年	《李延年歌》
去年花里逢君别，今日花开已一年。	韦应物	《寄李儋元锡》
多情却被无情恼，今夜还如昨夜长。	元好问	《鹧鸪天・候馆灯昏雨送凉》
有情芍药含春泪，无力蔷薇卧晓枝。	秦观	《春日》
一寸柔肠情几许？薄衾孤枕，梦回人静，彻晓潇潇雨。	惠洪	《青玉案・丝槐烟柳长亭路》
欲把西湖比西子，淡妆浓抹总相宜。	苏轼	《饮湖上初晴后雨二首・其二》
宁为百夫长，胜作一书生。	杨炯	《从军行》
少无适俗韵，性本爱丘山。	陶渊明	《归园田居・其一》
日出江花红胜火，春来江水绿如蓝。	白居易	《忆江南・江南好》
天阶夜色凉如水，卧看牵牛织女星。	杜牧	《秋夕》
悠悠天宇旷，切切故乡情。	张九龄	《西江夜行》
庭前落尽梧桐，水边开彻芙蓉。	朱庭玉	《天净沙・秋》
天平山上白云泉，云自无心水自闲。	白居易	《白云泉》
执手相看泪眼，竟无语凝噎。	柳永	《雨霖铃・寒蝉凄切》
秋风起兮白云飞，草木黄落兮雁南归。	刘彻	《秋风辞》
君子不器。		《论语・为政篇》
博观而约取，厚积而薄发	苏轼	《稼说送张琥》
不患无位，患所以立。不患莫己知，求为可知也。		《论语・里仁篇》
离离原上草，一岁一枯荣。	白居易	《草 / 赋得古原草送别》
无言独上西楼，月如钩。寂寞梧桐深院锁清秋。	李煜	《相见欢・无言独上西楼》
山远天高烟水寒，相思枫叶丹。	李煜	《长相思・一重山》
合抱之木，生于毫末；九层之台，起于累土；千里之行，始于足下。		《老子・德经・第六十四章》
昆山玉碎凤凰叫，芙蓉泣露香兰笑。	李贺	《李凭箜篌引》
七夕今宵看碧霄，牵牛织女渡河桥。	林杰	《乞巧》
慈母手中线，游子身上衣。	孟郊	《游子吟 / 迎母漂上作》
稻花香里说丰年。听取蛙声一片。	辛弃疾	《西江月・夜行黄沙道中》
鸟宿池边树，僧敲月下门。	贾岛	《题李凝幽居》
中秋谁与共孤光。把盏凄然北望。	苏轼	《西江月・世事一场大梦》
青鸟不传云外信，丁香空结雨中愁。	李Z	《摊破浣溪沙・手卷真珠上玉钩》
野旷天低树，江清月近人。	孟浩然	《宿建德江》
南国有佳人，容华若桃李。	曹植	《杂诗・南国有佳人》
新竹高于旧竹枝，全凭老干为扶持。	郑燮	《新竹》
美人自古如名将，不许人间见白头。		《随园诗话・卷四》
巧笑倩兮，美目盼兮，素以为绚兮。		《论语・八佾篇》
西塞山前白鹭飞，桃花流水鳜鱼肥。	张志和	《渔歌子・西塞山前白鹭飞》
青山绿水，白草红叶黄花。	白朴	《天净沙・秋》
江山代有才人出，各领风骚数百年。	赵翼	《论诗五首・其二》
情人怨遥夜，竟夕起相思。	张九龄	《望月怀远》
平生不下泪，于此泣无穷。	李白	《江夏别宋之悌》
乱花渐欲迷人眼，浅草才能没马蹄。	白居易	《钱塘湖春行》
好雨知时节，当春乃发生。	杜甫	《春夜喜雨》
弱水三千，我只取一瓢饮。		《红楼梦・第九十一回》
相思相望不相亲，天为谁春。	纳兰性德	《画堂春・一生一代一双人》
舞低杨柳楼心月，歌尽桃花扇底风。	晏几道	《鹧鸪天・彩袖殷勤捧玉钟》
伯牙鼓琴，志在高山	佚名	《伯牙绝弦》
我居北海君南海，寄雁传书谢不能。	黄庭坚	《寄黄几复》
何须浅碧深红色，自是花中第一流。	李清照	《鹧鸪天・桂花》
举杯邀明月，对影成三人。	李白	《月下独酌四首・其一》
功名万里外，心事一杯中。	高适	《送李侍御赴安西》
诚知此恨人人有，贫贱夫妻百事哀。	元稹	《遣悲怀三首・其二》
若似月轮终皎洁，不辞冰雪为卿热。	纳兰性德	《蝶恋花・辛苦最怜天上月》
江流天地外，山色有无中。	王维	《汉江临泛 / 汉江临眺》
九州生气恃风雷，万马齐喑究可哀。	龚自珍	《己亥杂诗・其二百二十》
恨君不似江楼月，南北东西，南北东西，只有相随无别离。	吕本中	《采桑子・恨君不似江楼月》
不茶不饭，不言不语，一味供他憔悴。	蜀妓	《鹊桥仙・说盟说誓》
日啖荔枝三百颗，不辞长作岭南人。	苏轼	《惠州一绝》
黄河远上白云间，一片孤城万仞山。	王之涣	《凉州词二首・其一》
八阵图名成卧龙，六韬书功在飞熊。	查德卿	《蟾宫曲・怀古》
见贤思齐焉，见不贤而内自省也。		《论语・里仁篇》
月儿弯弯照九州，几家欢乐几家愁。	佚名	《月儿弯弯照九州》
此生此夜不长好，明月明年何处看。	苏轼	《阳关曲 / 中秋月》
孤灯不明思欲绝，卷帷望月空长叹。	李白	《长相思・其一》
质胜文则野，文胜质则史，文质彬彬，然后君子。		《论语・雍也篇》
黑云翻墨未遮山，白雨跳珠乱入船。	苏轼	《六月二十七日望湖楼醉书》
无情最是台城柳，依旧烟笼十里堤。	韦庄	《台城》
乱山残雪夜，孤烛异乡人。	崔涂	《除夜 / 巴山道中除夜书怀 / 除夜有怀》
黄梅时节家家雨，青草池塘处处蛙。	赵师秀	《约客 / 有约》
垂死病中惊坐起，暗风吹雨入寒窗。	元稹	《闻乐天授江州司马》
不畏浮云遮望眼，只缘身在最高层。	王安石	《登飞来峰》
莫笑贱贫夸富贵，共成枯骨两何如？	白居易	《放言五首・其四》
娶妻无媒毋须恨，书中有女颜如玉。	赵恒	《劝学诗》
众口铄金，积毁销骨。		《史记・张仪列传》
生当作人杰，死亦为鬼雄。	李清照	《夏日绝句》
我寄愁心与明月，随风直到夜郎西。	李白	《闻王昌龄左迁龙标遥有此寄》
春城无处不飞花，寒食东风御柳斜。	韩	《寒食 / 寒食日即事》
一片春愁待酒浇。江上舟摇，楼上帘招。	蒋捷	《一剪梅・舟过吴江》
停车坐爱枫林晚，霜叶红于二月花。	杜牧	《山行》
爆竹声中一岁除，春风送暖入屠苏。	王安石	《元日》
有三秋桂子，十里荷花。	柳永	《望海潮・东南形胜》
漠漠水田飞白鹭，阴阴夏木啭黄鹂。	王维	《积雨辋川庄作 / 秋归辋川庄作》
似花还似非花，也无人惜从教坠。	苏轼	《水龙吟・次韵章质夫杨花词》
狡兔死，走狗烹；飞鸟尽，良弓藏；敌国破，谋臣亡。		《资治通鉴・汉纪三》
兰生幽谷， 不为莫服而不芳。舟在江海，不为莫乘而不浮。君子行义，不为莫知而止休。		《淮南子・说山训》
不识庐山真面目，只缘身在此山中。	苏轼	《题西林壁》
相看两不厌，只有敬亭山。	李白	《独坐敬亭山》
一壶酒，一竿身，快活如侬有几人。	李煜	《渔父・浪花有意千里雪》
青青园中葵，朝露待日。	佚名	《长歌行》
唯有门前镜湖水，春风不改旧时波。	贺知章	《回乡偶书二首》
数人世相逢，百年欢笑，能得几回又。	何梦桂	《摸鱼儿・记年时人人何处》
路曼曼其修远兮，吾将上下而求索。	屈原	《离骚》
云母屏风烛影深，长河渐落晓星沉。	李商隐	《嫦娥》
昔我往矣，杨柳依依。	佚名	《采薇》
若言琴上有琴声，放在匣中何不鸣？	苏轼	《琴诗》
遇沉沉不语之士，且莫输心；见悻悻自好之人，应须防口。		《菜根谭・概论》
恰同学少年，风华正茂；书生意气，挥斥方遒。	毛泽东	《沁园春・长沙》
皑如山上雪，皎若云间月。	卓文君	《白头吟》
楼船夜雪瓜洲渡，铁马秋风大散关。	陆游	《书愤五首・其一》
荷叶罗裙一色裁，芙蓉向脸两边开。	王昌龄	《采莲曲》
千里莺啼绿映红，水村山郭酒旗风。	杜牧	《江南春》
一寸相思千万绪。人间没个安排处。	李冠	《蝶恋花・春暮》
红泪偷垂，满眼春风百事非。	纳兰性德	《采桑子・当时错》
吾十有五而志于学，三十而立，四十而不惑，五十而知天命，六十而耳顺，七十而从心所欲，不逾矩。		《论语・为政篇》
君子和而不同，小人同而不和。		《论语・子路篇》
天将降大任于是人也，必先苦其心志，劳其筋骨，饿其体肤，空乏其身，行拂乱其所为。		《孟子・告子章句下・第十五节》
汴水流，泗水流，流到瓜州古渡头。吴山点点愁。	白居易	《长相思・汴水流》
北方有佳人，绝世而独立。	李延年	《李延年歌》
未觉池塘春草梦，阶前梧叶已秋声。	朱熹	《偶成》
荷叶生时春恨生，荷叶枯时秋恨成。	李商隐	《暮秋独游曲江》
清风明月无人管，并作南楼一味凉。	黄庭坚	《鄂州南楼书事》
谁道人生无再少？门前流水尚能西！休将白发唱黄鸡。	苏轼	《浣溪沙・游蕲水清泉寺》
千金纵买相如赋，脉脉此情谁诉。	辛弃疾	《摸鱼儿・更能消几番风雨》
胜日寻芳泗水滨，无边光景一时新。	朱熹	《春日》
相见争如不见，多情何似无情。	司马光	《西江月・宝髻松松挽就》
银烛秋光冷画屏，轻罗小扇扑流萤。	杜牧	《秋夕》
青枫江上秋帆远，白帝城边古木疏。	高适	《送李少府贬峡中王少府贬长沙》
迢迢牵牛星，皎皎河汉女。	佚名	《迢迢牵牛星》
感时花溅泪，恨别鸟惊心。	杜甫	《春望》
但使龙城飞将在，不教胡马度阴山。	王昌龄	《出塞二首》
风淅淅，雨纤纤。难怪春愁细细添。	纳兰性德	《赤枣子・风淅淅》
相思一夜梅花发，忽到窗前疑是君。	卢仝	《有所思》
千古兴亡多少事？悠悠。不尽长江滚滚流。	辛弃疾	《南乡子・登京口北固亭有怀》
李白如今已仙去，月在青天几圆缺？	唐寅	《把酒对月歌》
人生得意须尽欢，莫使金樽空对月。	李白	《将进酒》
慎终如始，则无败事。		《老子・德经・第六十四章》
红颜未老恩先断，斜倚薰笼坐到明。	白居易	《后宫词》
殷勤昨夜三更雨，又得浮生一日凉。	苏轼	《鹧鸪天・林断山明竹隐墙》
今宵酒醒何处？杨柳岸，晓风残月。	柳永	《雨霖铃・寒蝉凄切》
草木也知愁，韶华竟白头。	曹雪芹	《唐多令・柳絮》
丈夫非无泪，不洒离别间。	陆龟蒙	《别离》
老来情味减，对别酒、怯流年。	辛弃疾	《木兰花慢・滁州送范y》
依旧，依旧，人与绿杨俱瘦。	秦观	《如梦令・春景》
大方无隅；大器晚成；大音希声；大象无形		《老子・德经・第四十一章》
夫轻诺必寡信，多易必多难。		《老子・德经・第六十三章》
天地有万古，此身不再得；人生只百年，此日最易过。		《菜根谭・概论》
何处望神州？满眼风光北固楼。	辛弃疾	《南乡子・登京口北固亭有怀》
臣心一片磁针石，不指南方不肯休。	文天祥	《扬子江》
卧看满天云不动，不知云与我俱东。	陈与义	《襄邑道中》
惟将终夜常开眼，报答平生未展眉。	元稹	《遣悲怀三首・其三》
燕子来时新社，梨花落后清明。	晏殊	《破阵子・春景》
知人者智，自知者明。胜人者有力，自胜者强。		《老子・道经・第三十三章》
清明时节雨纷纷，路上行人欲断魂。	杜牧	《清明》
春未绿，鬓先丝。人间别久不成悲。	姜夔	《鹧鸪天・元夕有所梦》
少小离家老大回，乡音无改鬓毛衰。	贺知章	《回乡偶书二首・其一》
山随平野尽，江入大荒流。	李白	《渡荆门送别》
零落成泥碾作尘，只有香如故。	陆游	《卜算子・咏梅》
共敌不如分敌，敌阳不如敌阴。		《三十六计・围魏救赵》
一双冷眼看世人，满腔热血酬知己。		《随园诗话・卷十六》
北国风光，千里冰封，万里雪飘。	毛泽东	《沁园春・雪》
青山相待，白云相爱，梦不到紫罗袍共黄金带。	宋方壶	《山坡羊・道情》
一别如斯，落尽梨花月又西。	纳兰性德	《采桑子・当时错》
衰兰送客咸阳道，天若有情天亦老。	李贺	《金铜仙人辞汉歌》
黄鹤一去不复返，白云千载空悠悠。	崔颢	《黄鹤楼 / 登黄鹤楼》
一叫一回肠一断，三春三月忆三巴。	李白	《宣城见杜鹃花 / 子规》
梅花雪，梨花月，总相思。	张惠言	《相见欢・年年负却花期》
烟笼寒水月笼沙，夜泊秦淮近酒家。	杜牧	《泊秦淮》
梧桐叶上三更雨，叶叶声声是别离。	周紫芝	《鹧鸪天・一点残红欲尽时》
千淘万漉虽辛苦，吹尽狂沙始到金。	刘禹锡	《浪淘沙九首》
自知者不怨人，知命者不怨天；怨人者穷，怨天者无志。		《荀子・荣辱》
贼陷两京，驾出幸，维扈静患埃为所擒，服药称喑病。		《唐才子传・卷二》
成事莫说，覆水难收。		《增广贤文・上集》
杨枝飘泊，桃根娇小，独自个思量。	项鸿祚	《太常引・客中闻歌》
一笛当楼，谢娘悬泪立风前。	史达祖	《玉蝴蝶・晚雨未摧宫树》
而今灯漫挂。不是暗尘明月，那时元夜。	蒋捷	《女冠子・元夕》
力胜贫，谨胜祸，慎胜害，戒胜灾。		《说苑・谈丛》
若升高，必自下，若陟遐，必自迩。		《尚书・商书・太甲下》
赤壁矶头落照，肥水桥边衰草，渺渺唤人愁。	张孝祥	《水调歌头・和庞佑父》
欹枕数秋天，蟾蜍下早弦。	纳兰性德	《菩萨蛮・萧萧几叶风兼雨》
雨后寒轻，风前香软，春在梨花。	仲殊	《柳梢青・吴中》
忘却成都来十载，因君未免思量。	苏轼	《临江仙・送王缄》
雁啼红叶天，人醉黄花地，芭蕉雨声秋梦里。	张可久	《清江引・秋怀》
忆君心似西江水，日夜东流无歇时。	鱼玄机	《江陵愁望寄子安》
无边落木萧萧下，不尽长江滚滚来。	杜甫	《登高》
凡战者，以正合，以奇胜。		《孙子兵法・兵势篇》
纷纷红紫已成尘，布谷声中夏令新。	陆游	《初夏绝句》
在家能行，如东方人心善；在寺不修，如西方人心恶。		《六祖坛经・决疑・第二节》
如今但暮雨，蜂愁蝶恨，小窗闲对芭蕉展。	吕渭老	《薄幸・青楼春晚》
三湘愁鬓逢秋色，万里归心对月明。	卢纶	《晚次鄂州》
时有落花至，远随流水香。	刘Y虚	《阙题》
无情不似多情苦。一寸还成千万缕。	晏殊	《玉楼春・春恨》
瘦雪一痕墙角，青子已妆残萼。	王庭筠	《谒金门・双喜鹊》
余亦赴京国，何当献凯还。	孟浩然	《送陈七赴西军》
烈士暮年，壮心不已。	曹操	《龟虽寿》
无分者，人之大害也；有分者，天下之本利也。		《荀子・富国》
如来所得法此法无实无虚。		《金刚经・离相寂灭》
屈盘戏白马，大笑上青山。	李白	《登敬亭北二小山余时送客逢崔侍御并登此地》
身后有馀忘缩手，眼前无路想回头。		《红楼梦・第二回》
野田春水碧于镜，人影渡傍鸥不惊。	汪藻	《春日・一春略无十日晴》
不为小害善，故有大名；不蚤见示，故有大功。		《韩非子・喻老》
遨欢任落风前帽，促饮争吹酒上花。	宋祁	《九日置酒》
霜草苍苍虫切切，村南村北行人绝。	白居易	《村夜》
鸟之将死，其鸣也哀；人之将死，其言也善。		《论语・泰伯篇》
深林人不知，明月来相照。	王维	《竹里馆》
楝花飘砌。蔌蔌清香细。	谢逸	《千秋岁・咏夏景》
一身转战三千里，一剑曾当百万师。	王维	《老将行》
海棠不惜胭脂色，独立蒙蒙细雨中。	陈与义	《春寒》
强携酒、小桥宅，怕梨花落尽成秋色。	姜夔	《淡黄柳・空城晓角》
士为知己者死，女为悦己者容。		《战国策・赵一・晋毕阳之孙豫让》
兰有秀兮菊有芳，怀佳人兮不能忘。	刘彻	《秋风辞》
衣垢不湔，器缺不补，对人犹有惭色。		《格言联璧・悖凶类》
渐秋阑、雪清玉瘦，向人无限依依。	李清照	《多丽・咏白菊》
今夜~州月，闺中只独看。	杜甫	《月夜》
人生贵得适意尔，何能羁宦数千里以要名爵！		《世说新语・识鉴》
二客东南名胜，万卷诗书事业，尝试与君谋。	辛弃疾	《水调歌头・舟次扬州和人韵》
未信，则以为谤己。		《反经・钓情》
槐叶初匀日气凉，葱葱鼠耳翠成双。	范成大	《夏日田园杂兴》
荆山长号泣血人，忠臣死为刖足鬼。	李白	《鞠歌行》
良马难乘，然可以任重致远；良才难令，然可以致君见尊。		《墨子・01章 亲士》
黄山仅见其脚，惜未一瞻面目。		《浮生六记・浪游记快》
学者非必为仕，而仕者必为学。		《荀子・大略》
矮纸斜行闲作草，晴窗细乳戏分茶。	陆游	《临安春雨初霁》
佳人重劝千长寿。柏叶椒花芬翠袖。	毛滂	《玉楼春・己卯岁元日》
岂曰无衣？与子同袍。	佚名	《秦风・无衣》
抽刀断水水更流，举杯消愁愁更愁。	李白	《宣州谢x楼饯别校书叔云 / 陪侍御叔华登楼歌》
得闭口时须闭口，得放手时须放手。		《醒世恒言・卷六》
在事者，当置身利害之外；建言者，当设身利害之中。		《格言联璧・处事类》
今年海角天涯。萧萧两鬓生华。	李清照	《清平乐・年年雪里》
得即高歌失即休，多愁多恨亦悠悠。	罗隐	《自遣》
白发渔樵江渚上，惯看秋月春风。	杨慎	《临江仙・滚滚长江东逝水》
存亡在虚实，不在于众寡。		《韩非子・安危》
卧看满天云不动，不知云与我俱东。	陈与义	《襄邑道中》
弱龄寄事外，委怀在琴书。	陶渊明	《始作镇军参军经曲阿作》
玉碗冰寒滴露华，粉融香雪透轻纱。	晏殊	《浣溪沙・玉碗冰寒滴露华》
中庭月色正清明，无数杨花过无影。	张先	《木兰花・乙卯吴兴寒食》
至长反短，至短反长，天之道也。		《吕氏春秋・论・似顺论》
臣无隐忠，君无蔽言，国之禄也。		《战国策・赵二・武灵王平昼闲居》
晨必盥　兼漱口　便溺回　辄净手		《弟子规・谨》
诗家清景在新春，绿柳才黄半未匀。	杨巨源	《城东早春》
众中闻謦，未语知乡里。	苏轼	《送金山乡僧归蜀开堂》
想翠竹、碧梧风采，旧游何处。	张宁	《满江红・题碧梧翠竹送李阳春》
一朝春尽红颜老，花落人亡两不知。		《红楼梦・第二十七回》
背法而治，此任重道远而无马、牛，济大川而无舡、楫也。		《商君书・弱民》
拟把伤离情绪，待晓寒重说。	纳兰性德	《好事近・帘外五更风》
穷且益坚，不坠青云之志。	王勃	《滕王阁序》
丈夫为志，穷当益坚，老当益壮。		《后汉书・列传・马援列传》
灵山多秀色，空水共氤氲。	张九龄	《湖口望庐山瀑布泉 / 湖口望庐山瀑布水》
玉骨那愁瘴雾，冰姿自有仙风。	苏轼	《西江月・梅花》
人间更有风涛险，翻说黄河是畏途。	宋琬	《渡黄河》
钝学累功，不妨精熟		《颜氏家训・文章篇》
晓迎秋露一枝新，不占园中最上春。	杜牧	《紫薇花》
时人不识凌云木，直待凌云始道高。	杜荀鹤	《小松》
善战者，立于不败之地，而不失敌之败也。		《孙子兵法・军形篇》
一箪食，一瓢饮，在陋巷，人不堪其忧，回也不改其乐。贤哉回也！		《论语・雍也篇》
冉冉年华吾自老。水满汀洲，何处寻芳草。	辛弃疾	《蝶恋花・月下醉书雨岩石浪》
天上星河转，人间帘幕垂。凉生枕簟泪痕滋。	李清照	《南歌子・天上星河转》
中也者，天下之大本也。和也者，天下之达道也。		《中庸・第一章》
留连光景惜朱颜，黄昏独倚阑。	李煜	《阮郎归・呈郑王十二弟》
宁向牡丹花下死，风流作鬼也甘心。		《雷峰塔奇传・第八回》
一棹碧涛春水路。过尽晓莺啼处。	晏几道	《清平乐・留人不住》
不 爱其亲，岂能及物？		《陈书・列传・卷十三》
明年岂无年，心事恐蹉跎。	苏轼	《守岁》
东风恶，欢情薄。	陆游	《钗头凤・红酥手》
戛戛秋蝉响似筝，听蝉闲傍柳边行。	徐玑	《秋行》
行贤而去自贤之心，焉往而不美。		《韩非子・说林上》
将欲歙之，必故张之；将欲弱之，必故强之；将欲废之，必故兴之；将欲取之，必故与之。是谓微明。		《老子・道经・第三十六章》
牝鸡无晨；牝鸡之晨，惟家之索。		《尚书・周书・牧誓》
是亲不是亲，非亲却是亲。		《增广贤文・上集》
我专为一，敌分为十，是以十攻其一也		《孙子兵法・虚实篇》
江寒水不流，鱼嚼梅花影。	释敬安	《题寒江钓雪图》
昭君拂玉鞍，上马啼红颊。	李白	《王昭君二首》
北风夜卷赤亭口，一夜天山雪更厚。	岑参	《天山雪歌送萧治归京》
仁暴者，皆亡国者也。		《韩非子・八说》
相思一夜梅花发，忽到窗前疑是君。	卢仝	《有所思》
重阳过后，西风渐紧，庭树叶纷纷。	晏殊	《少年游・重阳过后》
只愁飞诏下青冥。不应霜塞晚，横槊看诗成。	周紫芝	《临江仙・送光州曾使君》
庶人莫与官争，贵人不结人怨。		《罗织经・保身卷第七》
花谢花飞花满天，红消香断有谁怜。		《红楼梦・第二十七回》
又送王孙去，萋萋满别情。	白居易	《草 / 赋得古原草送别》
宽柔以教，不报无道，南方之强也。君子居之。		《中庸・第十章》
君子上交不谄，下交不渎		《易传・系辞传下・第五章》
茕茕孑立，形影相吊。	西晋・李密	《陈情表》
蝉噪林逾静，鸟鸣山更幽。	王籍	《入若耶溪》
溪深古雪在，石断寒泉流。	李白	《寻高凤石门山中元丹丘》
金玉其外，败絮其中	刘基	《卖柑者言》
愿天上人间，占得欢娱，年年今夜。	柳永	《二郎神・炎光谢》
孝当竭力，忠则尽命。		《千字文・全文》
记玉关踏雪事清游，寒气脆貂裘。	张炎	《八声甘州・记玉关踏雪事清游》
君子有三患：未之闻，患弗得闻也；既闻之，患弗得学也；既学之，患弗能行也。		《礼记・杂记下》
不教而诛，则刑繁而邪不胜；教而不诛，则奸民不惩。		《荀子・富国》
故去喜去恶，虚心以为道舍。		《韩非子・扬权》
何当击凡鸟，毛血洒平芜。	杜甫	《画鹰》
阶下青苔与红树，雨中寥落月中愁。	李商隐	《端居》
竹疏虚槛静，松密醮坛阴。	张泌	《女冠子・露花烟草》
诸葛大名垂宇宙，宗臣遗像肃清高。	杜甫	《咏怀古迹五首・其五》
儿孙自有儿孙福，莫为儿孙做马牛。		《增广贤文・上集》
青山一道同云雨，明月何曾是两乡。	王昌龄	《送柴侍御》
行出于己，名生于人。		《逸周书・卷六・谥法解》
缀文者情动而辞发，观文者披文以入情		《文心雕龙・知音》
风起。雪飞炎海变清凉。	苏轼	《定风波・南海归赠王定国侍人寓娘》
知之盛者，莫大於成身，成身莫大於学。		《吕氏春秋・纪・孟夏纪》
古之学者得一善言，附于其身；今之学者得一善言，务以悦人。		《格言联璧・学问类》
蜀天常夜雨，江槛已朝晴。	杜甫	《水槛遣心二首》
宠锡从仙禁，光华出汉京。	张九龄	《奉和圣制送尚书燕国公赴朔方》
故园便是无兵马，犹有归时一段愁。	陈与义	《送人归京师》
那堪旅馆经残腊，只把空书寄故乡。	王建	《维扬冬末寄幕中二从事》
知之者不如好之者；好之者不如乐之者。		《论语・雍也篇》
洞庭春溜满，平湖锦帆张。	阴铿	《渡青草湖》
最是仓皇辞庙日，教坊犹奏别离歌，垂泪对宫娥。	李煜	《破阵子・四十年来家国》
是以知天欲人相爱相利，而不欲人相恶相贼。		《墨子・04章 法仪》
不怕官，只怕管。		《水浒传・第二回》
马骇舆，则君子不安舆；庶人骇政，则君子不安位。		《荀子・王制》
永夜角声悲自语，客心愁破正思家。	汪元量	《望江南・幽州九日》
上有所欲，其神若亲，礼下勿辞，拒者无助矣。		《罗织经・治下卷第三》
晓寒料峭尚欺人，春态苗条先到柳。	毛滂	《玉楼春・己卯岁元日》
试问梅花何处好，与君藉草携壶。	张孝祥	《临江仙・试问梅花何处好》
何处它年寄此生，山中江上总关情。	虞集	《院中独坐》
身劳而心安，为之；利少而义多，为之		《荀子・修身》
与朋友交，言而有信。		《论语・学而篇》
善改过者，未禁其事，先明其理		《了凡四训・改过之法》
吏不治则乱，农事缓则贫。		《墨子・39章 非儒(下)》
东风惆怅欲清明，公子桥边沉醉。	张泌	《满宫花・花正芳》
花明柳暗绕天愁，上尽重城更上楼。	李商隐	《夕阳楼》
诗家清景在新春，绿柳才黄半未匀。	杨巨源	《城东早春》
复恐匆匆说不尽，行人临发又开封。	张籍	《秋思》
为人性僻耽佳句，语不惊人死不休。	杜甫	《江上值水如海势聊短述》
自古明王圣帝，犹须勤学，况凡庶乎！		《颜氏家训・勉学篇》
长驱入，歌台舞榭，风卷落花愁。	徐君宝妻	《满庭芳・汉上繁华》
日高烟敛，更看今日晴未。	李清照	《念奴娇・春情》
肃肃花絮晚，菲菲红素轻。	杜甫	《春远 / 春运》
中也者，天下之大本也。和也者，天下之达道也。		《中庸・第一章》
筹边独坐，岂欲登览快双眸。	戴复古	《水调歌头・题李季允侍郎鄂州吞云楼》
愿得此身长报国，何须生入玉门关。	戴叔伦	《塞上曲二首・其二》
公乎跃马扬玉鞭，灭没高蹄日千里。	温庭筠	《拂舞词 / 公无渡河》
贞女贵徇夫，舍生亦如此。	孟郊	《列女操 / 烈女操》
蚊虫遭扇打，只因嘴伤人！		《增广贤文・下集》
白水明田外，碧峰出山后。	王维	《新晴野望》
春未绿，鬓先丝。人间别久不成悲。	姜夔	《鹧鸪天・元夕有所梦》
嗟险阻，叹飘零。关山万里作雄行。	刘克庄	《玉楼春・戏林推》
无限伤心夕照中，故国凄凉，剩粉余红。	夏完淳	《一剪梅・咏柳》
察己则可以知人，察今则可以知古。		《吕氏春秋・览・慎大览》
平生多感激，忠义非外奖。	李白	《酬裴侍御对雨感时见赠》
遥知不是雪，为有暗香来。	王安石	《梅花》
山雪河冰野萧瑟，青是烽烟白人骨。	杜甫	《悲青坂》
忙忙如丧家之狗，急急如漏网之鱼。		《醒世恒言・卷十七》
午梦初回，卷帘尽放春愁去。	周晋	《点绛唇・访牟存叟南漪钓隐》
君子素其位而行，不愿乎其外。		《中庸・第十四章》
以仁义存心，以勤俭作家，以忍让接物。		《格言联璧・接物类》
残星几点雁横塞，长笛一声人倚楼。	赵嘏	《长安晚秋 / 秋望 / 秋夕》
治民无常，唯治为法。		《韩非子・心度》
明岁秋风知再会，暂时分手莫相思。	曹雪芹	《残菊》
采桑秦氏女，织锦窦家妻。	薛道衡	《昔昔盐》
柳花深巷午鸡声，桑叶尖新绿未成。	范成大	《春日田园杂兴》
力贵突，智贵卒。得之同则速为上，胜之同则湿为下。		《吕氏春秋・论・开春论》
夫志，气之帅也；气，体之充也。		《孟子・公孙丑章句上・第二节》
情人怨遥夜，竟夕起相思。	张九龄	《望月怀远》
愁一箭风快，半篙波暖，回头迢递便数驿。	周邦彦	《兰陵王・柳》
能者劳而俯怨，何如拙者逸而全真。		《菜根谭・概论》
从此无心爱良夜，任他明月下西楼。	李益	《写情》
杨柳回塘，鸳鸯别浦。绿萍涨断莲舟路。	贺铸	《芳心苦・杨柳回塘》
我善养吾浩然之气。		《孟子・公孙丑章句上・第二节》
数树梨花，晚风吹堕半汀鹭。	吴文英	《齐天乐・新烟初试花如梦》
落叶满空山，何处寻行迹。	韦应物	《寄全椒山中道士》
北郭清溪一带流，红桥风物眼中秋，绿杨城郭是扬州。	王士祯	《浣溪沙・红桥》
谁知盘中餐，粒粒皆辛苦？	李绅	《古风二首 / 悯农二首》
世人以七尺为性命，君子以性命为七尺。		《格言联璧・持躬类》
故园东望路漫漫，双袖龙钟泪不干。	岑参	《逢入京使》
爱惜精神，留他日担当宇宙。蹉跎岁月，尽此身污秽乾坤。		《格言联璧・学问类》
刑赏之本，在乎劝善而惩恶		《贞观政要・卷八・论刑法》
凡与敌战，若审知敌人有可胜之理，则宜速进兵以捣之，无有不胜。		《百战奇略・第六卷・进战》
独立雕栏，谁怜枉度华年。	王沂孙	《高阳台・残萼梅酸》
蛇无足而飞，梧鼠五技而穷。		《荀子・劝学》
赤壁矶头落照，肥水桥边衰草，渺渺唤人愁。	张孝祥	《水调歌头・和庞佑父》
举直错诸枉，则民服；举枉错诸直，则民不服。		《论语・为政篇》
何谓享福之才，能读书者便是；何谓创家之人，能教子者便是。		《围炉夜话・第一Ｏ四则》
玉在椟中求善价，钗于奁内待时飞。		《红楼梦・第一回》
青青河畔草，绵绵思远道。	佚名	《饮马长城窟行》
再折柳穿鱼，赏梅催雪。	詹玉	《齐天乐・送童瓮天兵后归杭》
王孙莫把比蓬蒿，九日枝枝近鬓毛。	郑谷	《菊》
麋鹿成群，虎豹避之；飞鸟成列，鹰鹫不击		《说苑・杂言》
奢侈足以败家；悭吝亦足以败家。		《围炉夜话・第五九则》
善附者异旨如肝胆，拙会者同音如胡越。		《文心雕龙・附会》
羁心积秋晨，晨积展游眺。	谢灵运	《七里濑》
此路无知己，明珠莫暗投。	高适	《送魏八》
此去经年，应是良辰好景虚设。	柳永	《雨霖铃・寒蝉凄切》
娉娉袅袅十三余，豆蔻梢头二月初。	杜牧	《赠别二首》
今人嗤点流传赋，不觉前贤畏后生。	杜甫	《戏为六绝句》
百星之明，不如一月之光；十牖之开，不如一户之明。		《淮南子・说林训》
家必自毁，而后人毁之。		《孟子・离娄章句上・第八节》
涉江玩秋水，爱此红蕖鲜。	李白	《折荷有赠》
刑过不辟大臣，赏善不遗匹夫。		《韩非子・有度》
运筹策帷帐之中，决胜于千里之外。		《史记・高祖本纪》
江深竹静两三家，多事红花映白花。	杜甫	《江畔独步寻花七绝句》
华而不实，耻也。		《国语・晋语・秦伯享重耳以国君之礼》
海上生明月，天涯共此时。	张九龄	《望月怀远》
居逆境中，周身皆针砭药石，砥节砺行而不觉；处顺境内，眼前尽兵刃戈矛，销膏靡骨而不知。		《菜根谭・概论》
我来圯桥上，怀古钦英风。	李白	《经下邳圯桥怀张子房》
白雪却嫌春色晚，故穿庭树作飞花。	韩愈	《春雪》
赠人以言，重于金石珠玉；观人以言，美于黼黻文章；听人以言，乐于钟鼓琴瑟。		《荀子・非相》
治国常富，而乱国常贫。		《管子・治国》
上之为政，得下之情则治，不得下之情则乱。		《墨子・13章 尚同(下)》
善槭空撸不武；善战者，不怒；善胜敌者，不与；善用人者，橹下。		《老子・德经・第六十八章》
遥想独游佳味少，无方骓马但鸣嘶。	苏辙	《怀渑池寄子瞻兄》
莫嫌举世无知己，未有庸人不忌才。	查慎行	《三闾祠》
今施人薄而望人厚，则人唯恐其有赐于己也。		《墨子・49章 鲁问》
一声已动物皆静，四座无言星欲稀。	李颀	《琴歌》
与朋友交，言而有信。		《论语・学而篇》
叹寄与路遥，夜雪初积。	姜夔	《暗香疏影》
凡天下祸篡怨恨，其所以起者，以不相爱生也，是以仁者非之。		《墨子・15章 兼爱(中)》
兴天下之利，除天下之害。		《墨子・12章 尚同(中)》
言不中法者，不听也；行不中法者，不高也；事不中法者，不为也。		《商君书・君臣》
天下不患无臣，患无君以使之。天下不患无财，患无人以分之。		《管子・牧民》
宽而栗，柔而立，愿而恭，乱而敬，扰而毅，直而温，简而廉，刚而塞，强而义。		《尚书・虞书・皋陶谟》
不自重者取辱，不自畏者招祸，不自满者受益，不自是者博闻。		《格言联璧・持躬类》
乍见翻疑梦，相悲各问年。	司空曙	《云阳馆与韩绅宿别》
佳人应怪我，别后寡信轻诺。	柳永	《尾犯・夜雨滴空阶》
双星良夜，耕慵织懒，应被群仙相妒。	范成大	《鹊桥仙・七夕》
蚕无夏织桑充寨，田废春耕犊劳军。	杜荀鹤	《题所居村舍》
芄兰之叶，童子佩s。	佚名	《芄兰》
十五从军征，八十始得归。	佚名	《十五从军征》
古之所谓善战者，胜于易胜者也。		《孙子兵法・军形篇》
重帏深下莫愁堂，卧后清宵细细长。	李商隐	《无题・重帏深下莫愁堂》
夜寒惊被薄，泪与灯花落。	纳兰性德	《菩萨蛮・萧萧几叶风兼雨》
待羔儿、酒罢又烹茶，扬州鹤。	辛弃疾	《满江红・和范先之雪》
别日南鸿才北去，今朝北雁又南飞。	鱼玄机	《闺怨》
吹笳暮归野帐，雪压青毡。	陆游	《汉宫春・初自南郑来成都作》
若遇汤火斩斫伤生者，说轮回递偿报。		《地藏经・阎浮众生业感》
一庭之内，自有至乐；六经以外，别无奇书。		《格言联璧・学问类》
墙里秋千墙外道，墙外行人，墙里佳人笑。	苏轼	《蝶恋花・春景》
春如旧。人空瘦。泪痕红碰掮透。	陆游	《钗头凤・红酥手》
山明水净夜来霜，数树深红出浅黄。	刘禹锡	《秋词二首》
高斋今夜雨，独卧武昌城。	徐祯卿	《在武昌作》
悄无人、桐阴转午，晚凉新浴。	苏轼	《贺新郎・夏景》
谁分去来乡国事，凄然，曾是承平两少年。	陈洵	《南乡子・己巳三月自郡城归乡过区E吾西园话旧》
长相思，长相思。	晏几道	《长相思・长相思》
文以少而盛，以多而衰。		《日知录・卷十九》
谏争辅拂之人，社稷之臣也，国君之宝也，明君之所尊厚也		《荀子・臣道》
人怕三见面，树怕一墨线。		《增广贤文・下集》
一郡官闲唯副使，一年冷节是清明。	王禹	《清明日独酌》
提三尺剑以定四海		《贞观政要・卷八・论贡赋》
愿为西南风，长逝入君怀。	曹植	《明月上高楼》
佳节又重阳，玉枕纱厨，半夜凉初透。	李清照	《醉花阴・薄雾浓云愁永昼》
半夜倚乔松，不觉满衣雪。	孟郊	《苦寒吟》
小扇引微凉，悠悠夏日长。	顾太清	《菩萨蛮・端午日咏盆中菊》
人恶人怕天不怕，人善人欺天不欺。		《增广贤文・上集》
今我来思，雨雪载途。	佚名	《出车》
子贡之无谄，原思之坐弦，是贤人守贫穷之法。		《围炉夜话・第四九则》
雨声飕飕催早寒，胡雁翅湿高飞难。	杜甫	《秋雨叹三首》
纷纷红紫已成尘，布谷声中夏令新。	陆游	《初夏绝句》
愁绝行人天易暮，行向鹧鸪声里住。	纳兰性德	《菊花新・用韵送张见阳令江华》
新啼痕压旧啼痕，断肠人忆断肠人。	王实甫	《十二月过尧民歌・别情》
向来吟秀句，不觉已鸣鸦。	韩	《酬程延秋夜即事见赠》
夫人必自侮，然后人侮之；家必自毁，而后人毁之；国必自伐，而后人伐之。		《孟子・离娄章句上・第八节》
千尺阴崖尘不到，惟有层冰积雪。	辛弃疾	《贺新郎・用前韵送杜叔高》
道千乘之国，敬事而信，节用而爱人，使民以时。		《论语・学而篇》
公生明，偏生，端悫生通，诈伪生塞，诚信生神，夸诞生惑。		《荀子・不苟》
城雪初消荠菜生，角门深巷少人行。	杨载	《到京师》
谦谦君子，卑以自牧		《易传・象传上・谦》
何尝见明镜疲于屡照，清流惮于惠风。		《世说新语・言语》
波面澄霞，兰艇采香去。	高观国	《祝英台近・荷花》
菩萨应如是布施不住于相。		《金刚经・妙行无住》
辽东小妇年十五，惯弹琵琶解歌舞。	李颀	《古意》
待到重阳日，还来就菊花。	孟浩然	《过故人庄》
虏骑闻之应胆慑，料知短兵不敢接，车师西门伫献捷。	岑参	《走马川行奉送出师西征 / 走马川行奉送封大夫出师西征》
今夜故人来不来，教人立尽梧桐影。	吕岩	《梧桐影・落日斜》
红烛背，绣帘垂，梦长君不知。	温庭筠	《更漏子・柳丝长》
况故人新拥，汉坛旌节。	辛弃疾	《满江红・汉水东流》
我是人间惆怅客，知君何事泪纵横，断肠声里忆平生。	纳兰性德	《浣溪沙・残雪凝辉冷画屏》
仁者，人也，亲亲为大。义者，宜也，尊贤为大。		《中庸・第二十章》
时霎清明，载花不过西园路。	吴文英	《点绛唇・时霎清明》
春愁凝思结眉心，绿绮懒调红锦荐。	顾	《玉楼春・拂水双飞来去燕》
益者三友，损者三友。友直、友谅、友多闻，益矣；友便辟、友善柔、友便佞，损矣。		《论语・季氏篇》
非怀北归兴，何用胜羁愁。	韩愈	《洞庭湖阻风赠张十一署・时自阳山徙掾江陵》
为善则流芳百世，为恶则遗臭万年。		《幼学琼林・卷三・人事》
千里稻花应秀色，五更桐叶最佳音。	曾几	《苏秀道中》
香汗薄衫凉，凉衫薄汗香。	苏轼	《菩萨蛮・回文夏闺怨》
柳叶随歌皱，梨花与泪倾。	黄庭坚	《南歌子・槐绿低窗暗》
有三秋桂子，十里荷花。	柳永	《望海潮・东南形胜》
青出于蓝而胜于蓝		《幼学琼林・卷二・师生》
秋侵人影瘦，霜染菊花肥。		《浮生六记・闺房记乐》
不劲直，不能矫奸。		《韩非子・孤愤》
今夫飞蓬遇飘风而行千里，乘风之势也。		《商君书・禁使》
糟糠不饱者不务粱肉，短褐不完者不待文绣。		《韩非子・五蠹》
节用储蓄，以备凶灾		《后汉书・本纪・肃宗孝章帝纪》
朝看水东流，暮看日西坠。	钱福	《明日歌》
存为善之心，不必邀为善之名。		《围炉夜话・第五五则》
三万里河东入海，五千仞岳上摩天。	陆游	《秋夜将晓出篱门迎凉有感》
故人相望若为情。别愁深夜雨，孤影小窗灯。	陈克	《临江仙・四海十年兵不解》
仁则荣，不仁则辱。		《孟子・公孙丑章句上・第四节》
绕遍回廊还独坐。月笼云暗重门锁。	苏轼	《蝶恋花・雨霰疏疏经泼火》
言者异，则人心变矣。		《战国策・赵三・秦攻赵于长平》
便做无情，莫也愁人苦。	朱淑真	《蝶恋花・送春》
关山多雨雪，风水损毛衣。	李远	《咏雁》
曲港跳鱼，圆荷泻露，寂寞无人见。	苏轼	《永遇乐・彭城夜宿燕子楼》
晚来天，空悄然，孤眠，枕檀云髻偏。	孙光宪	《河传・花落》
国大而政小者，国从其政；国小而政大者，国益大。		《管子・霸言》
欲把相思说似谁，浅情人不知。	晏几道	《长相思・长相思》
穷寇不可追也，遁辞不可攻也，贫民不可威也。		《格言联璧・接物类》
居安虑危，处治思乱。		《格言联璧・持躬类》
古人不见今时月，今月曾经照古人。		《增广贤文・上集》
一月不读书，耳目失精爽。	萧抡谓	《读书有所见作》
东园载酒西园醉，摘尽枇杷一树金。	戴敏	《初夏游张园》
至今思项羽，不肯过江东。	李清照	《夏日绝句》
花落家童未扫，莺啼山客犹眠。	王维	《田园乐七首・其六》
江娥啼竹素女愁，李凭中国弹箜篌。	李贺	《李凭箜篌引》
舍近谋远者，劳而无功		《后汉书・列传・吴盖陈臧列传》
接汉疑星落，依楼似月悬。	卢照邻	《十五夜观灯》
细雨鱼儿出，微风燕子斜。	杜甫	《水槛遣心二首》
猿鸟犹疑畏简书，风云常为护储胥。	李商隐	《筹笔驿》
横笛惊征雁，娇歌落塞云。	岑参	《奉陪封大夫九日登高》
一夕轻雷落万丝，霁光浮瓦碧参差。	秦观	《春日》
足国之道：节用裕民，而善臧其余。		《荀子・富国》
令必行，禁必止。		《韩非子・饰邪》
谁知得酒尚能狂，脱帽向人时大叫。	陆游	《三月十七日夜醉中作》
情共天涯秋黯，朱桥锁深巷。	吴文英	《解蹀躞・醉云又兼醒雨》
人生有情泪沾臆，江水江花岂终极！	杜甫	《哀江头》
花繁柳密处，拨得开，才是手段；风狂雨急时，立得定，方见脚根。		《小窗幽记・集醒篇》
天外黑风吹海立，浙东飞雨过江来。	苏轼	《有美堂暴雨》
望以斜阳欲尽时，不见西飞雁。	程垓	《卜算子・独自上层楼》
盛而不骄，劳而不矜其功。		《国语・越语・范蠡进谏勾践持盈定倾节事》
酒未开樽句未裁，寻春问腊到蓬莱。	曹雪芹	《访妙玉乞红梅》
求之其本，经旬必得；求之其末，劳而无功。		《吕氏春秋・览・孝行览》
乐民之乐者，民亦乐其乐。		《孟子・梁惠王章句下・第四节》
叹江山如故，千村寥落。	岳飞	《满江红・登黄鹤楼有感》
家在梦中何日到，春来江上几人还？	卢纶	《长安春望》
雪月最相宜，梅雪都清绝。	张孝祥	《卜算子・雪月最相宜》
至道深微，惟人是弘		《南史・本纪・卷四》
黄河九天上，人鬼瞰重关。	元好问	《水调歌头・赋三门津》
把酒对斜日，无语问西风。	杨炎正	《水调歌头・把酒对斜日》
俭则伤事，侈则伤货		《管子・乘马》
低头羞见人，双手结裙带。	毛铉	《幼女词・下床着新衣》
真圣贤决非迂腐，真豪杰断不粗疏。		《格言联璧・持躬类》
关河无限清愁，不堪临鉴。	岳珂	《祝英台近・北固亭》
文章无定格，立一格而後为文，其文不足言矣。		《日知录・卷十六》
行垢不湔，德缺不补，对天岂无愧心。		《格言联璧・悖凶类》
年年岁岁望中秋，岁岁年年雾雨愁。	曾几	《癸未八月十四日至十六夜月色皆佳》
不厚其栋，不能任重。重莫如国，栋莫如德。		《国语・鲁语・子叔声伯辞邑》
母欺子，子而不信其母，非以成教也。		《韩非子・外储说左上》
行宫见月伤心色，夜雨闻铃肠断声。	白居易	《长恨歌》
江南自是离愁苦，况游骢古道，归雁平沙。	王沂孙	《高阳台・和周草窗寄越中诸友韵》
当年曾胜赏，生香熏袖，活火分茶。	李清照	《转调满庭芳・芳草池塘》
天下之势，以渐而成；天下之事，以积而居。		《格言联璧・持躬类》
君子虽在他乡，不忘父母之国。		《东周列国志・第四十三回》
伤心千古，秦淮一片明月！	萨都剌	《念奴娇・登石头城次东坡韵》
风日晴和人意好，夕阳箫鼓几船归。	徐元杰	《湖上》
不耻不若人，何若人有？		《孟子・尽心章句上・第七节》
谁知万里客，怀古正踌蹰。	陈子昂	《岘山怀古》
落花飞絮蒙蒙，长忆著、灞桥别后。	毛滂	《上林春令・十一月三十日见雪》
春酒香熟鲈鱼美，谁同醉？缆却扁舟篷底睡。	李	《南乡子・云带雨》
碧毯线头抽早稻，青罗裙带展新蒲。	白居易	《春题湖上》
乱则国危，治则国安。		《荀子・王霸》
莎衫筠笠。正是村村农务急。	卢炳	《减字木兰花・莎衫筠笠》
孝悌有闻，人伦之本，德行敦厚，立身之基。		《隋书・帝纪・卷三》
枕前何事最伤情？梧桐叶上，点点露珠零。	尹鹗	《临江仙・深秋寒夜银河静》
三日入厨下，洗手作羹汤。	王建	《新嫁娘词三首》
福轻乎羽，莫之知载；祸重乎地，莫之知避。		《庄子・内篇・人间世》
野径云俱黑，江船火独明。	杜甫	《春夜喜雨》
采桑秦氏女，织锦窦家妻。	薛道衡	《昔昔盐》
江头宫殿锁千门，细柳新蒲为谁绿？	杜甫	《哀江头》
千里搭长棚，没有不散的筵席。		《红楼梦・第七十二回》
不说自己井绳短，反说他人箍井深。		《增广贤文・下集》
桃李务青春，谁能贯白日。	李白	《长歌行》
高处莺啼低蝶舞。何况日长，燕子能言语。	刘铉	《蝶恋花・送春》
春阳如昨日，碧树鸣黄鹂。	李白	《秋思》
燎沉香，消溽暑。	周邦彦	《苏幕遮・燎沉香》
乡梦不曾休，惹甚闲愁？忠州过了又涪州。	左辅	《浪淘沙・曹溪驿折桃花一枝数日零落裹花片投之涪江歌此送之》
春未老，风细柳斜斜。	苏轼	《望江南・超然台作》
近水知鱼性，近山识鸟音。		《增广贤文・上集》
山气日夕佳，飞鸟相与还。	陶渊明	《饮酒・其五》
无情未必真豪杰，怜子如何不丈夫？	鲁迅	《答客诮》
屏山遮断相思路，子规啼到无声处。	高鹗	《青玉案・丝丝香篆浓于雾》
湘泪浅深滋竹色，楚歌重叠怨兰丛。	李商隐	《潭州》
银箭金壶漏水多，起看秋月坠江波。	李白	《乌栖曲》
黄昏寒立更披襟，露徘逑阍玫佬摹	司空图	《白菊杂书四首》
更深人去寂静，但照壁孤灯相映。	周邦彦	《关河令・秋阴时晴渐向暝》
残月出门时，美人和泪辞。	韦庄	《菩萨蛮・红楼别夜堪惆怅》
竹怜新雨后，山爱夕阳时。	钱起	《谷口书斋寄杨补阙》
秋已无多，早是败荷衰柳。	潘希白	《大有・九日》
读书为身上之用，而人以为纸上之用。		《格言联璧・悖凶类》
是故江河不恶小谷之满已也，故能大。圣人者，事无辞也，物无违也，故能为天下器。		《墨子・01章 亲士》
春草明年绿，王孙归不归？	王维	《送别 / 山中送别 / 送友》
淇澳春云碧，潇湘夜雨寒。	憨山德清	《咏竹五首》
见善思齐，足以扬名不朽；闻恶能改，庶得免乎大过。		《贞观政要・卷四・教戒太子诸王》
林暗草惊风，将军夜引弓。	卢纶	《和张仆射塞下曲・其二》
若遇悖逆父母者，说天地灾杀报。		《地藏经・阎浮众生业感》
紫陌红尘拂面来，无人不道看花回。	刘禹锡	《元和十年自朗州至京戏赠看花诸君子 / 玄都观桃花》
香帏风动花入楼，高调鸣筝缓夜愁。	王昌龄	《青楼怨》
善出奇者，无穷如天地，不竭如江海。		《孙子兵法・兵势篇》
天山三丈雪，岂是远行时。	李白	《独不见》
不负东篱约，携尊过草堂。	妙信	《九日酬诸子》
对望中天地，洞然如刷。	史达祖	《满江红・中秋夜潮》
三杯吐然诺，五岳倒为轻。	李白	《侠客行》
心正而后身正，身正而后左右正		《反经・德表》
独善其身尽日安，何须千古名不朽！		《三国演义・第三十七回》
见面怜清瘦，呼儿问苦辛。	蒋士铨	《岁暮到家》
山高月小，水落石出。	苏轼	《后赤壁赋》
忧劳可以兴国，逸豫可以亡身	欧阳修	《伶官传序》
贤不肖不可以不相分，若命之不可易，若美恶之不可移。		《吕氏春秋・纪・仲春纪》
有弗学，学之弗能，弗措也。有弗问，问之弗知，弗措也。有弗思，思之弗得，弗措也。有弗辨，辨之弗明，弗措		《中庸・第二十章》
江南可采莲，莲叶何田田，鱼戏莲叶间。	佚名	《江南》
有匪君子，如切如磋，如琢如磨。	佚名	《淇奥》
众口铄金，积毁销骨。		《史记・张仪列传》
当言而不言，尔之责也；言而不听，我之咎也。		《元史・列传・卷六》
人间万事，毫发常重泰山轻。	辛弃疾	《水调歌头・壬子三山被召陈端仁给事饮饯席上作》
小楼一夜听春雨，深巷明朝卖杏花。	陆游	《临安春雨初霁》
时有官船桥畔过，白鸥飞去落前滩。	姜夔	《钓雪亭》
去日儿童皆长大，昔年亲友半凋零。	窦叔向	《夏夜宿表兄话旧》
手捻香笺忆小莲。欲将遗恨倩谁传。	晏几道	《鹧鸪天・手捻香笺忆小莲》
万岁山前珠翠绕，蓬壶殿里笙歌作。	岳飞	《满江红・登黄鹤楼有感》
酒后竞风采，三杯弄宝刀。	李白	《白马篇》
万物同宇而异体，无宜而有用为人，数也。		《荀子・富国》
路遥知马力，日久见人心。		《增广贤文・上集》
定慧等持，意中清净。		《六祖坛经・机缘・第一节》
居高声自远，非是藉秋风。	虞世南	《蝉》
君子不怨天，不尤人。		《孟子・公孙丑章句下・第十三节》
琴里知闻唯渌水，茶中故旧是蒙山。	白居易	《琴茶》
成大功者不小苛。		《说苑・政理》
试上吴门窥郡郭，清明几处有新烟。	张继	《闾门即事》
破帽遮颜过闹市，漏船载酒泛中流。	鲁迅	《自嘲》
下谋上以术，术有穷者以力。		《罗织经・谋划卷第九》
三顾频烦天下计，两朝开济老臣心。	杜甫	《蜀相》
几多情，无处说，落花飞絮清明节。	魏承班	《渔歌子・柳如眉》
复值接舆醉，狂歌五柳前。	王维	《辋川闲居赠裴秀才迪》
君不见，黄河之水天上来，奔流到海不复回。	李白	《将进酒》
去年燕子天涯，今年燕子谁家？	张炎	《清平乐・采芳人杳》
恼他香阁浓睡，撩乱有啼莺。	晏殊	《诉衷情・东风杨柳欲青青》
闻道皇华使，方随皂盖臣。	王维	《送李判官赴东江》
朔风吹雪透刀瘢，饮马长城窟更寒。	卢汝弼	《和李秀才边庭四时怨・其四》
明主之道，必明于公私之分		《韩非子・饰邪》
军井成而后饮，军食熟而后饭，军垒成而后舍，劳佚必以身同之。		《尉缭子・战威》
人逢喜事精神爽，闷上心来瞌睡多。		《西游记・第三十五回》
去时梅萼初凝粉。不觉小桃风力损。	欧阳修	《玉楼春・去时梅萼初凝粉》
勿恃势力而凌逼孤寡，毋贪口腹而恣杀生禽。		《朱子家训・全文》
兵强胜人，人强胜天		《逸周书・卷三・文传解》
南国辛居士，言归旧竹林。	孟浩然	《都下送辛大之鄂》
小人专望受人恩，受过辄忘；君子不轻受人恩，受则必报。		《格言联璧・敦品类》
今春香肌瘦几分？缕带宽三寸。	王实甫	《十二月过尧民歌・别情》
淡中交耐久，静里寿延长。		《围炉夜话・第一一六则》
彼之理是，我之理非，我让之；彼之理非，我之理是，我容之。		《格言联璧・接物类》
相看两不厌，只有敬亭山。	李白	《独坐敬亭山》
起来无语理朝妆，宝匣镜凝光。	顾	《虞美人・触帘风送景阳钟》
玉颜憔悴三年，谁复商量管弦。	王建	《宫中调笑・团扇》
田家占气候，共说此年丰。	孟浩然	《田家元日》
社下烧钱鼓似雷，日斜扶得醉翁回。	范成大	《春日田园杂兴》
痴儿不知父子礼，叫怒索饭啼门东。	杜甫	《百忧集行》
想当年，金戈铁马，气吞万里如虎。	辛弃疾	《永遇乐・京口北固亭怀古》
明朝又是孤舟别，愁见河桥酒幔青。	窦叔向	《夏夜宿表兄话旧》
想得此时情切，泪沾红袖g。	韦庄	《应天长・别来半岁音书绝》
居高位者易骄，处佚乐者易侈。		《明史・列传・卷二十四》
萧条庭院，又斜风细雨，重门须闭。	李清照	《念奴娇・春情》
垂杨拂绿水，摇艳东风年。	李白	《折杨柳》
德不优者，不能怀远，才不大者，不能博见。		《论衡・卷十三・别通篇》
和戎诏下十五年，将军不战空临边。	陆游	《关山月》
一疑一信相参勘，勘极而成知者，其知始真。		《菜根谭・概论》
野者上，园者次。		《茶经・一之源》
花气袭人知骤暖，鹊声穿树喜新晴。	陆游	《村居书喜》
过能改　归于无　倘掩饰　增一辜		《弟子规・信》
还作一段相思，冷波叶舞愁红，送人双桨。	吴文英	《解蹀躞・醉云又兼醒雨》
天下无指者，生于物之各有名，不为指也。		《公孙龙子・指物论》
故国梅花归梦，愁损绿罗裙。	孔夷	《南浦・旅怀》
处事须留余地，责善切戒尽言。		《格言联璧・接物类》
必有容，德乃大；必有忍，事乃济。		《格言联璧・处事类》
新样靓妆，艳溢香融，羞杀蕊珠宫女。	赵佶	《燕山亭・北行见杏花》
夜来携手梦同游，晨起盈巾泪莫收。	白居易	《梦微之》
一去二三里，烟村四五家。	邵雍	《山村咏怀》
只恐夜深花睡去，故烧高烛照红妆。	苏轼	《海棠》
君家玉女从小见，闻道如今画不成。	黄庭坚	《谢张仲谋端午送巧作》
人以自是，反以相诽。		《吕氏春秋・览・慎大览》
三岁为妇，靡室劳矣。夙兴夜寐，靡有朝矣。	佚名	《氓》
莫道桑榆晚，为霞尚满天。	刘禹锡	《酬乐天咏老见示》
